"","dimension","regex","token"
"1","human_rights","\baboriginal peoples\b","aboriginal peoples"
"2","human_rights","\baboriginals\b","aboriginals"
"3","human_rights","\babuse\b","abuse"
"4","human_rights","\baccept\b","accept"
"5","human_rights","\baccepted\b","accepted"
"6","human_rights","\baccommodating\b","accommodating"
"7","human_rights","\baccommodation\b","accommodation"
"8","human_rights","\baccountability\b","accountability"
"9","human_rights","\bactivities\b","activities"
"10","human_rights","\bacts\b","acts"
"11","human_rights","\badopt\b","adopt"
"12","human_rights","\badopted\b","adopted"
"13","human_rights","\badverse\b","adverse"
"14","human_rights","\badversely\b","adversely"
"15","human_rights","\bafrican\b","african"
"16","human_rights","\bafrican american\b","african american"
"17","human_rights","\bafrican americans\b","african americans"
"18","human_rights","\bafricans\b","africans"
"19","human_rights","\baged\b","aged"
"20","human_rights","\bagent\b","agent"
"21","human_rights","\bages\b","ages"
"22","human_rights","\bagreements\b","agreements"
"23","human_rights","\baids\b","aids"
"24","human_rights","\balaska natives\b","alaska natives"
"25","human_rights","\balaskan natives\b","alaskan natives"
"26","human_rights","\balternative lifestyle\b","alternative lifestyle"
"27","human_rights","\balternative lifestyles\b","alternative lifestyles"
"28","human_rights","\balternative lives\b","alternative lives"
"29","human_rights","\bavoid\b","avoid"
"30","human_rights","\baward\b","award"
"31","human_rights","\bawareness\b","awareness"
"32","human_rights","\bbalancing\b","balancing"
"33","human_rights","\bbaselines\b","baselines"
"34","human_rights","\bbelonging\b","belonging"
"35","human_rights","\bbeneficially\b","beneficially"
"36","human_rights","\bbeneficiary\b","beneficiary"
"37","human_rights","\bbenefit\b","benefit"
"38","human_rights","\bbenefits\b","benefits"
"39","human_rights","\bbylaws\b","bylaws"
"40","human_rights","\bcare\b","care"
"41","human_rights","\bcertification\b","certification"
"42","human_rights","\bcertifications\b","certifications"
"43","human_rights","\bcertify\b","certify"
"44","human_rights","\bcertifying\b","certifying"
"45","human_rights","\bcharitable\b","charitable"
"46","human_rights","\bcivil\b","civil"
"47","human_rights","\bcivil liberties\b","civil liberties"
"48","human_rights","\bcivil liberty\b","civil liberty"
"49","human_rights","\bcivil rights\b","civil rights"
"50","human_rights","\bclaims\b","claims"
"51","human_rights","\bclass\b","class"
"52","human_rights","\bcoach\b","coach"
"53","human_rights","\bcommitments\b","commitments"
"54","human_rights","\bcommittee\b","committee"
"55","human_rights","\bcommunities\b","communities"
"56","human_rights","\bcommunity\b","community"
"57","human_rights","\bconstitution\b","constitution"
"58","human_rights","\bconstitutional right\b","constitutional right"
"59","human_rights","\bconstitutional rights\b","constitutional rights"
"60","human_rights","\bcore\b","core"
"61","human_rights","\bcovenants\b","covenants"
"62","human_rights","\bcross culturalism\b","cross culturalism"
"63","human_rights","\bcross culturalisms\b","cross culturalisms"
"64","human_rights","\bcultures\b","cultures"
"65","human_rights","\bcustodian\b","custodian"
"66","human_rights","\bdevelopment\b","development"
"67","human_rights","\bdied\b","died"
"68","human_rights","\bdies\b","dies"
"69","human_rights","\bdisability\b","disability"
"70","human_rights","\bdisabled\b","disabled"
"71","human_rights","\bdisadvantage\b","disadvantage"
"72","human_rights","\bdisadvantaged\b","disadvantaged"
"73","human_rights","\bdisadvantageous\b","disadvantageous"
"74","human_rights","\bdisadvantages\b","disadvantages"
"75","human_rights","\bdisasters\b","disasters"
"76","human_rights","\bdiscriminating\b","discriminating"
"77","human_rights","\bdiscrimination\b","discrimination"
"78","human_rights","\bdiscriminatory\b","discriminatory"
"79","human_rights","\bdiverse\b","diverse"
"80","human_rights","\bdiversification\b","diversification"
"81","human_rights","\bdiversified\b","diversified"
"82","human_rights","\bdiversify\b","diversify"
"83","human_rights","\bdiversifying\b","diversifying"
"84","human_rights","\bdiversity\b","diversity"
"85","human_rights","\bduty\b","duty"
"86","human_rights","\beducate\b","educate"
"87","human_rights","\beducating\b","educating"
"88","human_rights","\beducation\b","education"
"89","human_rights","\beducational\b","educational"
"90","human_rights","\belected\b","elected"
"91","human_rights","\belection\b","election"
"92","human_rights","\bemploy\b","employ"
"93","human_rights","\bemployed\b","employed"
"94","human_rights","\bemployee\b","employee"
"95","human_rights","\bemployee involvement\b","employee involvement"
"96","human_rights","\bemployee involvements\b","employee involvements"
"97","human_rights","\bemployees\b","employees"
"98","human_rights","\bemployees'\b","employees'"
"99","human_rights","\bemploying\b","employing"
"100","human_rights","\bemployment\b","employment"
"101","human_rights","\bempower\b","empower"
"102","human_rights","\bempowered\b","empowered"
"103","human_rights","\bempowering\b","empowering"
"104","human_rights","\bempowerment\b","empowerment"
"105","human_rights","\bempowers\b","empowers"
"106","human_rights","\benabling\b","enabling"
"107","human_rights","\bengage\b","engage"
"108","human_rights","\bengaging\b","engaging"
"109","human_rights","\benhancements\b","enhancements"
"110","human_rights","\benhancing\b","enhancing"
"111","human_rights","\bentitled rights\b","entitled rights"
"112","human_rights","\bequal\b","equal"
"113","human_rights","\bequal opportunities\b","equal opportunities"
"114","human_rights","\bequal opportunity\b","equal opportunity"
"115","human_rights","\bequality\b","equality"
"116","human_rights","\bequity\b","equity"
"117","human_rights","\bergonomically\b","ergonomically"
"118","human_rights","\bethic\b","ethic"
"119","human_rights","\bethical\b","ethical"
"120","human_rights","\bethically\b","ethically"
"121","human_rights","\bethnic\b","ethnic"
"122","human_rights","\bethnic diversities\b","ethnic diversities"
"123","human_rights","\bethnic diversity\b","ethnic diversity"
"124","human_rights","\bethnic mosaic\b","ethnic mosaic"
"125","human_rights","\bethnic mosaics\b","ethnic mosaics"
"126","human_rights","\bethnically\b","ethnically"
"127","human_rights","\bethnicities\b","ethnicities"
"128","human_rights","\bethnicity\b","ethnicity"
"129","human_rights","\bexercise\b","exercise"
"130","human_rights","\beyes\b","eyes"
"131","human_rights","\bface\b","face"
"132","human_rights","\bfair\b","fair"
"133","human_rights","\bfairness\b","fairness"
"134","human_rights","\bfamilies\b","families"
"135","human_rights","\bfamily\b","family"
"136","human_rights","\bfemale\b","female"
"137","human_rights","\bfiduciary\b","fiduciary"
"138","human_rights","\bfirst nations\b","first nations"
"139","human_rights","\bfirst peoples\b","first peoples"
"140","human_rights","\bfree\b","free"
"141","human_rights","\bfreedom\b","freedom"
"142","human_rights","\bgay\b","gay"
"143","human_rights","\bgays\b","gays"
"144","human_rights","\bgender\b","gender"
"145","human_rights","\bgender diversities\b","gender diversities"
"146","human_rights","\bgender diversity\b","gender diversity"
"147","human_rights","\bgenders\b","genders"
"148","human_rights","\bgod given right\b","god given right"
"149","human_rights","\bgod given rights\b","god given rights"
"150","human_rights","\bgovernance\b","governance"
"151","human_rights","\bhabitat\b","habitat"
"152","human_rights","\bhazardous\b","hazardous"
"153","human_rights","\bhealthcare\b","healthcare"
"154","human_rights","\bhealthcaring\b","healthcaring"
"155","human_rights","\bhire\b","hire"
"156","human_rights","\bhiring\b","hiring"
"157","human_rights","\bhonest\b","honest"
"158","human_rights","\bhonesty\b","honesty"
"159","human_rights","\bhuman development\b","human development"
"160","human_rights","\bhumanitarian\b","humanitarian"
"161","human_rights","\bhumans\b","humans"
"162","human_rights","\bhungry\b","hungry"
"163","human_rights","\bimprisonment\b","imprisonment"
"164","human_rights","\binclusive\b","inclusive"
"165","human_rights","\binclusiveness\b","inclusiveness"
"166","human_rights","\binfringe\b","infringe"
"167","human_rights","\binfringement\b","infringement"
"168","human_rights","\binfringing\b","infringing"
"169","human_rights","\binterests\b","interests"
"170","human_rights","\binvoluntarily\b","involuntarily"
"171","human_rights","\binvoluntary\b","involuntary"
"172","human_rights","\binvolve\b","involve"
"173","human_rights","\binvolved\b","involved"
"174","human_rights","\binvolvement\b","involvement"
"175","human_rights","\blabor\b","labor"
"176","human_rights","\blabor issue\b","labor issue"
"177","human_rights","\blabor issues\b","labor issues"
"178","human_rights","\blabor right\b","labor right"
"179","human_rights","\blabor rights\b","labor rights"
"180","human_rights","\blawful\b","lawful"
"181","human_rights","\blawfulness\b","lawfulness"
"182","human_rights","\blaws\b","laws"
"183","human_rights","\blegal\b","legal"
"184","human_rights","\blegality\b","legality"
"185","human_rights","\blesbian\b","lesbian"
"186","human_rights","\blesbians\b","lesbians"
"187","human_rights","\blife partner\b","life partner"
"188","human_rights","\blifestyles\b","lifestyles"
"189","human_rights","\bmate\b","mate"
"190","human_rights","\bmedicaid\b","medicaid"
"191","human_rights","\bmedicare\b","medicare"
"192","human_rights","\bmedicinal\b","medicinal"
"193","human_rights","\bminorities\b","minorities"
"194","human_rights","\bminority\b","minority"
"195","human_rights","\bmission\b","mission"
"196","human_rights","\bnationality\b","nationality"
"197","human_rights","\bnationalization\b","nationalization"
"198","human_rights","\bnationalize\b","nationalize"
"199","human_rights","\bnative\b","native"
"200","human_rights","\bnative peoples\b","native peoples"
"201","human_rights","\bnatives\b","natives"
"202","human_rights","\bnatural rights\b","natural rights"
"203","human_rights","\boppressive regime\b","oppressive regime"
"204","human_rights","\boppressive regimes\b","oppressive regimes"
"205","human_rights","\boriginal settlers\b","original settlers"
"206","human_rights","\boutsiders\b","outsiders"
"207","human_rights","\boutsource\b","outsource"
"208","human_rights","\boutsources\b","outsources"
"209","human_rights","\boutsourcing\b","outsourcing"
"210","human_rights","\bownership\b","ownership"
"211","human_rights","\bparties\b","parties"
"212","human_rights","\bpartner\b","partner"
"213","human_rights","\bpartners\b","partners"
"214","human_rights","\bpartnerships\b","partnerships"
"215","human_rights","\bpayroll\b","payroll"
"216","human_rights","\bpeer\b","peer"
"217","human_rights","\bpension\b","pension"
"218","human_rights","\bpeople\b","people"
"219","human_rights","\bperformance\b","performance"
"220","human_rights","\bperformers\b","performers"
"221","human_rights","\bperson\b","person"
"222","human_rights","\bpersonal\b","personal"
"223","human_rights","\bpersonnel\b","personnel"
"224","human_rights","\bpersons\b","persons"
"225","human_rights","\bphilanthropy\b","philanthropy"
"226","human_rights","\bphilosophies\b","philosophies"
"227","human_rights","\bplurality\b","plurality"
"228","human_rights","\bpoor\b","poor"
"229","human_rights","\bprejudiced\b","prejudiced"
"230","human_rights","\bprejudices\b","prejudices"
"231","human_rights","\bpreservation\b","preservation"
"232","human_rights","\bprivileges\b","privileges"
"233","human_rights","\bprotected\b","protected"
"234","human_rights","\bprotections\b","protections"
"235","human_rights","\brace\b","race"
"236","human_rights","\braces\b","races"
"237","human_rights","\bracial\b","racial"
"238","human_rights","\brape\b","rape"
"239","human_rights","\breallocate\b","reallocate"
"240","human_rights","\breallocated\b","reallocated"
"241","human_rights","\brebuilding\b","rebuilding"
"242","human_rights","\brecognition\b","recognition"
"243","human_rights","\bregulate\b","regulate"
"244","human_rights","\bregulations\b","regulations"
"245","human_rights","\bregulatory\b","regulatory"
"246","human_rights","\brelations\b","relations"
"247","human_rights","\brelationship\b","relationship"
"248","human_rights","\brelationships\b","relationships"
"249","human_rights","\breligious\b","religious"
"250","human_rights","\breligious diversities\b","religious diversities"
"251","human_rights","\breligious diversity\b","religious diversity"
"252","human_rights","\breservation\b","reservation"
"253","human_rights","\brespect for human rights\b","respect for human rights"
"254","human_rights","\brespect for privacy\b","respect for privacy"
"255","human_rights","\bretirement\b","retirement"
"256","human_rights","\bright\b","right"
"257","human_rights","\brights to citizenship\b","rights to citizenship"
"258","human_rights","\bsafety\b","safety"
"259","human_rights","\bsalaries\b","salaries"
"260","human_rights","\bsame sex\b","same sex"
"261","human_rights","\bscholarships\b","scholarships"
"262","human_rights","\bsexually\b","sexually"
"263","human_rights","\bshared norms\b","shared norms"
"264","human_rights","\bsick\b","sick"
"265","human_rights","\bsocial\b","social"
"266","human_rights","\bspouse\b","spouse"
"267","human_rights","\bstrengths\b","strengths"
"268","human_rights","\btalented\b","talented"
"269","human_rights","\bteamwork\b","teamwork"
"270","human_rights","\bunalienable rights\b","unalienable rights"
"271","human_rights","\bunbiased\b","unbiased"
"272","human_rights","\bunconditional\b","unconditional"
"273","human_rights","\bunderrepresented group\b","underrepresented group"
"274","human_rights","\bunderrepresented groups\b","underrepresented groups"
"275","human_rights","\bunemployable\b","unemployable"
"276","human_rights","\bunemployment\b","unemployment"
"277","human_rights","\bunethical\b","unethical"
"278","human_rights","\bunfair\b","unfair"
"279","human_rights","\bunionized\b","unionized"
"280","human_rights","\bunions\b","unions"
"281","human_rights","\bunlawful\b","unlawful"
"282","human_rights","\bvote\b","vote"
"283","human_rights","\bvoting\b","voting"
"284","human_rights","\bvulnerability\b","vulnerability"
"285","human_rights","\bwellness\b","wellness"
"286","human_rights","\bwheelchair\b","wheelchair"
"287","human_rights","\bwheelchair access\b","wheelchair access"
"288","human_rights","\bwheelchairs\b","wheelchairs"
"289","human_rights","\bwomen\b","women"
"290","human_rights","\bworkday\b","workday"
"291","human_rights","\bworker\b","worker"
"292","human_rights","\bworkers'\b","workers'"
"293","human_rights","\bworkforce\b","workforce"
"294","human_rights","\bworkforces\b","workforces"
"295","human_rights","\bworkplaces\b","workplaces"
"296","human_rights","\bworkspaces\b","workspaces"
"297","employee","\babuse\b","abuse"
"298","employee","\baccommodating\b","accommodating"
"299","employee","\baccommodation\b","accommodation"
"300","employee","\baccountability\b","accountability"
"301","employee","\badopted child\b","adopted child"
"302","employee","\badopted children\b","adopted children"
"303","employee","\bafrican american\b","african american"
"304","employee","\bafrican americans\b","african americans"
"305","employee","\baged\b","aged"
"306","employee","\balcohol\b","alcohol"
"307","employee","\balternative lifestyle\b","alternative lifestyle"
"308","employee","\balternative lifestyles\b","alternative lifestyles"
"309","employee","\bamericans with disabilities act\b","americans with disabilities act"
"310","employee","\bbalancing\b","balancing"
"311","employee","\bbathrooms\b","bathrooms"
"312","employee","\bbelieving\b","believing"
"313","employee","\bbeneficially\b","beneficially"
"314","employee","\bbeneficiary\b","beneficiary"
"315","employee","\bbenefit\b","benefit"
"316","employee","\bbenefits\b","benefits"
"317","employee","\bblended families\b","blended families"
"318","employee","\bbody\b","body"
"319","employee","\bbonus\b","bonus"
"320","employee","\bboundaries\b","boundaries"
"321","employee","\bbylaws\b","bylaws"
"322","employee","\bcare\b","care"
"323","employee","\bcertification\b","certification"
"324","employee","\bcertifications\b","certifications"
"325","employee","\bcertify\b","certify"
"326","employee","\bcertifying\b","certifying"
"327","employee","\bcivil\b","civil"
"328","employee","\bclaims\b","claims"
"329","employee","\bclass\b","class"
"330","employee","\bcollective well being\b","collective well being"
"331","employee","\bcollective well beings\b","collective well beings"
"332","employee","\bcontribution\b","contribution"
"333","employee","\bcultures\b","cultures"
"334","employee","\bcustodian\b","custodian"
"335","employee","\bcustoms\b","customs"
"336","employee","\bdevelopment\b","development"
"337","employee","\bdied\b","died"
"338","employee","\bdies\b","dies"
"339","employee","\bdirector\b","director"
"340","employee","\bdisability\b","disability"
"341","employee","\bdiscriminating\b","discriminating"
"342","employee","\bdiscrimination\b","discrimination"
"343","employee","\bdiscriminatory\b","discriminatory"
"344","employee","\bdiverse\b","diverse"
"345","employee","\bdiversification\b","diversification"
"346","employee","\bdiversified\b","diversified"
"347","employee","\bdiversify\b","diversify"
"348","employee","\bdiversifying\b","diversifying"
"349","employee","\bdiversity\b","diversity"
"350","employee","\bdrug\b","drug"
"351","employee","\beducate\b","educate"
"352","employee","\beducating\b","educating"
"353","employee","\beducation\b","education"
"354","employee","\beducational\b","educational"
"355","employee","\beducational programs\b","educational programs"
"356","employee","\belected\b","elected"
"357","employee","\bemploy\b","employ"
"358","employee","\bemployed\b","employed"
"359","employee","\bemployee\b","employee"
"360","employee","\bemployee's well being\b","employee's well being"
"361","employee","\bemployee equity\b","employee equity"
"362","employee","\bemployee involvement\b","employee involvement"
"363","employee","\bemployee relations\b","employee relations"
"364","employee","\bemployee safety\b","employee safety"
"365","employee","\bemployee welfare\b","employee welfare"
"366","employee","\bemployee well being\b","employee well being"
"367","employee","\bemployees\b","employees"
"368","employee","\bemployees'\b","employees'"
"369","employee","\bemployees well being\b","employees well being"
"370","employee","\bemployer\b","employer"
"371","employee","\bemployers\b","employers"
"372","employee","\bemployers'\b","employers'"
"373","employee","\bemploying\b","employing"
"374","employee","\bemployment\b","employment"
"375","employee","\bemploys\b","employs"
"376","employee","\bempower\b","empower"
"377","employee","\bempowered\b","empowered"
"378","employee","\bempowering\b","empowering"
"379","employee","\bempowerment\b","empowerment"
"380","employee","\bempowers\b","empowers"
"381","employee","\benabling\b","enabling"
"382","employee","\bengage\b","engage"
"383","employee","\bengaging\b","engaging"
"384","employee","\benhancements\b","enhancements"
"385","employee","\benhancing\b","enhancing"
"386","employee","\benjoyable\b","enjoyable"
"387","employee","\benvironment\b","environment"
"388","employee","\bequal\b","equal"
"389","employee","\bequal opportunity\b","equal opportunity"
"390","employee","\bequity\b","equity"
"391","employee","\bergonomically\b","ergonomically"
"392","employee","\bethic\b","ethic"
"393","employee","\bethically\b","ethically"
"394","employee","\bethnic\b","ethnic"
"395","employee","\bethnic diversity\b","ethnic diversity"
"396","employee","\bethnicities\b","ethnicities"
"397","employee","\bethnicity\b","ethnicity"
"398","employee","\beven\b","even"
"399","employee","\beven distribution\b","even distribution"
"400","employee","\bevenly distributed\b","evenly distributed"
"401","employee","\bexercise\b","exercise"
"402","employee","\bexperience\b","experience"
"403","employee","\bexperienced\b","experienced"
"404","employee","\bextended families\b","extended families"
"405","employee","\bextended family\b","extended family"
"406","employee","\bfair\b","fair"
"407","employee","\bfairness\b","fairness"
"408","employee","\bfamilies\b","families"
"409","employee","\bfamily\b","family"
"410","employee","\bfemale\b","female"
"411","employee","\bfiduciary\b","fiduciary"
"412","employee","\bfreedom\b","freedom"
"413","employee","\bgay\b","gay"
"414","employee","\bgays\b","gays"
"415","employee","\bgender diversity\b","gender diversity"
"416","employee","\bgoal\b","goal"
"417","employee","\bgoals\b","goals"
"418","employee","\bgovernance\b","governance"
"419","employee","\bgreen card\b","green card"
"420","employee","\bhard work\b","hard work"
"421","employee","\bhealth\b","health"
"422","employee","\bhealth benefits\b","health benefits"
"423","employee","\bhealth care benefits\b","health care benefits"
"424","employee","\bhealth insurance\b","health insurance"
"425","employee","\bhealthcare\b","healthcare"
"426","employee","\bhealthcaring\b","healthcaring"
"427","employee","\bhealthy\b","healthy"
"428","employee","\bhire\b","hire"
"429","employee","\bhiring\b","hiring"
"430","employee","\bhumanitarian\b","humanitarian"
"431","employee","\bhumans\b","humans"
"432","employee","\bincentives\b","incentives"
"433","employee","\bindividual\b","individual"
"434","employee","\bindividually\b","individually"
"435","employee","\binfringe\b","infringe"
"436","employee","\binfringement\b","infringement"
"437","employee","\binfringing\b","infringing"
"438","employee","\binsurance\b","insurance"
"439","employee","\binternal stakeholder\b","internal stakeholder"
"440","employee","\binternal stakeholders\b","internal stakeholders"
"441","employee","\binvolved\b","involved"
"442","employee","\bjobs\b","jobs"
"443","employee","\bknowledge\b","knowledge"
"444","employee","\bknowledgeable\b","knowledgeable"
"445","employee","\bknowledgebase\b","knowledgebase"
"446","employee","\blabor\b","labor"
"447","employee","\blabor rights\b","labor rights"
"448","employee","\blaborers\b","laborers"
"449","employee","\blawfulness\b","lawfulness"
"450","employee","\blaws\b","laws"
"451","employee","\bleader\b","leader"
"452","employee","\bleaders\b","leaders"
"453","employee","\bleadership\b","leadership"
"454","employee","\blearned\b","learned"
"455","employee","\blearning\b","learning"
"456","employee","\blegal\b","legal"
"457","employee","\blesbian\b","lesbian"
"458","employee","\blesbians\b","lesbians"
"459","employee","\blife benefits\b","life benefits"
"460","employee","\blife partner\b","life partner"
"461","employee","\blifestyles\b","lifestyles"
"462","employee","\blives\b","lives"
"463","employee","\bliving\b","living"
"464","employee","\bmanagement\b","management"
"465","employee","\bmate\b","mate"
"466","employee","\bmeals\b","meals"
"467","employee","\bmedicaid\b","medicaid"
"468","employee","\bmedicare\b","medicare"
"469","employee","\bmedicinal\b","medicinal"
"470","employee","\bminorities\b","minorities"
"471","employee","\bminority\b","minority"
"472","employee","\bmission\b","mission"
"473","employee","\bmoral\b","moral"
"474","employee","\bmortality\b","mortality"
"475","employee","\bmultinational\b","multinational"
"476","employee","\bnative\b","native"
"477","employee","\bnonemployee\b","nonemployee"
"478","employee","\bnonrenewal\b","nonrenewal"
"479","employee","\boccupational\b","occupational"
"480","employee","\bofficer\b","officer"
"481","employee","\bofficers\b","officers"
"482","employee","\boutsourcing\b","outsourcing"
"483","employee","\bpaid\b","paid"
"484","employee","\bpaid time off\b","paid time off"
"485","employee","\bpaid vacation time\b","paid vacation time"
"486","employee","\bparticipant\b","participant"
"487","employee","\bparticipants\b","participants"
"488","employee","\bparticipating\b","participating"
"489","employee","\bparticipatory\b","participatory"
"490","employee","\bparties\b","parties"
"491","employee","\bpartner\b","partner"
"492","employee","\bpayroll\b","payroll"
"493","employee","\bpeer\b","peer"
"494","employee","\bpension\b","pension"
"495","employee","\bpeople\b","people"
"496","employee","\bperformance\b","performance"
"497","employee","\bperformers\b","performers"
"498","employee","\bperson\b","person"
"499","employee","\bpersonal\b","personal"
"500","employee","\bpersonnel\b","personnel"
"501","employee","\bpersons\b","persons"
"502","employee","\bphilosophies\b","philosophies"
"503","employee","\bpositions\b","positions"
"504","employee","\bpractices\b","practices"
"505","employee","\bprejudiced\b","prejudiced"
"506","employee","\bprescribed\b","prescribed"
"507","employee","\bprinciples\b","principles"
"508","employee","\bprivileges\b","privileges"
"509","employee","\bproductivity\b","productivity"
"510","employee","\bprofessional\b","professional"
"511","employee","\bprofessionals\b","professionals"
"512","employee","\bprofit sharing\b","profit sharing"
"513","employee","\bpromotion\b","promotion"
"514","employee","\bprotected\b","protected"
"515","employee","\bquality\b","quality"
"516","employee","\brace\b","race"
"517","employee","\brape\b","rape"
"518","employee","\brate\b","rate"
"519","employee","\breallocate\b","reallocate"
"520","employee","\breallocated\b","reallocated"
"521","employee","\brecognition\b","recognition"
"522","employee","\brecognize\b","recognize"
"523","employee","\brecognized\b","recognized"
"524","employee","\bregulate\b","regulate"
"525","employee","\bregulations\b","regulations"
"526","employee","\bregulatory\b","regulatory"
"527","employee","\breimburse\b","reimburse"
"528","employee","\brelations\b","relations"
"529","employee","\brelationship\b","relationship"
"530","employee","\brelationships\b","relationships"
"531","employee","\breligious\b","religious"
"532","employee","\breligious diversity\b","religious diversity"
"533","employee","\brespects\b","respects"
"534","employee","\bresponsibility\b","responsibility"
"535","employee","\bresponsible\b","responsible"
"536","employee","\bretirement\b","retirement"
"537","employee","\bright\b","right"
"538","employee","\brole\b","role"
"539","employee","\bsafe\b","safe"
"540","employee","\bsafety\b","safety"
"541","employee","\bsalaries\b","salaries"
"542","employee","\bsatisfaction\b","satisfaction"
"543","employee","\bscholarships\b","scholarships"
"544","employee","\bseasonal\b","seasonal"
"545","employee","\bselection\b","selection"
"546","employee","\bsensitivity\b","sensitivity"
"547","employee","\bserved\b","served"
"548","employee","\bserves\b","serves"
"549","employee","\bservice\b","service"
"550","employee","\bservices\b","services"
"551","employee","\bsexually\b","sexually"
"552","employee","\bshared norms\b","shared norms"
"553","employee","\bsick\b","sick"
"554","employee","\bsize\b","size"
"555","employee","\bsocial\b","social"
"556","employee","\bsocial wellbeing\b","social wellbeing"
"557","employee","\bsocially\b","socially"
"558","employee","\bspousal relationship\b","spousal relationship"
"559","employee","\bspousal relationships\b","spousal relationships"
"560","employee","\bspouse\b","spouse"
"561","employee","\bstakeholders\b","stakeholders"
"562","employee","\bstrengths\b","strengths"
"563","employee","\bsuitability\b","suitability"
"564","employee","\bsuitable\b","suitable"
"565","employee","\bsustain\b","sustain"
"566","employee","\bsustains\b","sustains"
"567","employee","\btalented\b","talented"
"568","employee","\bteam\b","team"
"569","employee","\bteams\b","teams"
"570","employee","\bteamwork\b","teamwork"
"571","employee","\btenure\b","tenure"
"572","employee","\btrained\b","trained"
"573","employee","\btrust\b","trust"
"574","employee","\btruthfulness\b","truthfulness"
"575","employee","\btuition reimbursement\b","tuition reimbursement"
"576","employee","\bunderstand\b","understand"
"577","employee","\bundocumented\b","undocumented"
"578","employee","\bundocumented aliens\b","undocumented aliens"
"579","employee","\bunemployable\b","unemployable"
"580","employee","\bunemployment\b","unemployment"
"581","employee","\bunethical\b","unethical"
"582","employee","\bunfair\b","unfair"
"583","employee","\bunion\b","union"
"584","employee","\bunionized\b","unionized"
"585","employee","\bunions\b","unions"
"586","employee","\bunproductive\b","unproductive"
"587","employee","\bunsafe\b","unsafe"
"588","employee","\bvacation time\b","vacation time"
"589","employee","\bvision benefit\b","vision benefit"
"590","employee","\bvision benefits\b","vision benefits"
"591","employee","\bwage\b","wage"
"592","employee","\bwear\b","wear"
"593","employee","\bwelfare\b","welfare"
"594","employee","\bwellness\b","wellness"
"595","employee","\bwheelchair\b","wheelchair"
"596","employee","\bwheelchair access\b","wheelchair access"
"597","employee","\bwheelchairs\b","wheelchairs"
"598","employee","\bwife\b","wife"
"599","employee","\bwomen\b","women"
"600","employee","\bwork\b","work"
"601","employee","\bwork life balance\b","work life balance"
"602","employee","\bworkday\b","workday"
"603","employee","\bworker\b","worker"
"604","employee","\bworkers\b","workers"
"605","employee","\bworkers'\b","workers'"
"606","employee","\bworkforce\b","workforce"
"607","employee","\bworkforces\b","workforces"
"608","employee","\bworking class\b","working class"
"609","employee","\bworking men and women\b","working men and women"
"610","employee","\bworkmen\b","workmen"
"611","employee","\bworkplaces\b","workplaces"
"612","employee","\bworks\b","works"
"613","employee","\bworkspaces\b","workspaces"
"614","social_and_community","\babuse\b","abuse"
"615","social_and_community","\babused\b","abused"
"616","social_and_community","\babuses\b","abuses"
"617","social_and_community","\baccept\b","accept"
"618","social_and_community","\baccepted\b","accepted"
"619","social_and_community","\baccommodating\b","accommodating"
"620","social_and_community","\baccommodation\b","accommodation"
"621","social_and_community","\baccompanied\b","accompanied"
"622","social_and_community","\baccountability\b","accountability"
"623","social_and_community","\baccountancy\b","accountancy"
"624","social_and_community","\bactivities\b","activities"
"625","social_and_community","\badopt\b","adopt"
"626","social_and_community","\badopted\b","adopted"
"627","social_and_community","\baffordable\b","affordable"
"628","social_and_community","\baffordable housing\b","affordable housing"
"629","social_and_community","\baged\b","aged"
"630","social_and_community","\bages\b","ages"
"631","social_and_community","\baids\b","aids"
"632","social_and_community","\bamerican\b","american"
"633","social_and_community","\barms\b","arms"
"634","social_and_community","\bbeneficially\b","beneficially"
"635","social_and_community","\bbeneficiary\b","beneficiary"
"636","social_and_community","\bbenefit\b","benefit"
"637","social_and_community","\bbenefit the masses\b","benefit the masses"
"638","social_and_community","\bbenefits\b","benefits"
"639","social_and_community","\bbribe\b","bribe"
"640","social_and_community","\bbuilding\b","building"
"641","social_and_community","\bcertification\b","certification"
"642","social_and_community","\bcertifications\b","certifications"
"643","social_and_community","\bcertify\b","certify"
"644","social_and_community","\bcertifying\b","certifying"
"645","social_and_community","\bcharitability\b","charitability"
"646","social_and_community","\bcharitable\b","charitable"
"647","social_and_community","\bcharitable foundation\b","charitable foundation"
"648","social_and_community","\bcharitable giving\b","charitable giving"
"649","social_and_community","\bcharitably\b","charitably"
"650","social_and_community","\bcharities\b","charities"
"651","social_and_community","\bcharity\b","charity"
"652","social_and_community","\bchild labor\b","child labor"
"653","social_and_community","\bchild laborers\b","child laborers"
"654","social_and_community","\bcivic\b","civic"
"655","social_and_community","\bcivic duties\b","civic duties"
"656","social_and_community","\bcivic duty\b","civic duty"
"657","social_and_community","\bcivic engagement\b","civic engagement"
"658","social_and_community","\bcivic engagements\b","civic engagements"
"659","social_and_community","\bcivil\b","civil"
"660","social_and_community","\bclass\b","class"
"661","social_and_community","\bclean\b","clean"
"662","social_and_community","\bcleaned\b","cleaned"
"663","social_and_community","\bcleaner\b","cleaner"
"664","social_and_community","\bcleaning\b","cleaning"
"665","social_and_community","\bcleanliness\b","cleanliness"
"666","social_and_community","\bcleanup\b","cleanup"
"667","social_and_community","\bcollective well being\b","collective well being"
"668","social_and_community","\bcollective well beings\b","collective well beings"
"669","social_and_community","\bcollectively\b","collectively"
"670","social_and_community","\bcommitments\b","commitments"
"671","social_and_community","\bcommon\b","common"
"672","social_and_community","\bcommunal\b","communal"
"673","social_and_community","\bcommunities\b","communities"
"674","social_and_community","\bcommunity\b","community"
"675","social_and_community","\bcommunity development\b","community development"
"676","social_and_community","\bcommunity developments\b","community developments"
"677","social_and_community","\bcommunity group\b","community group"
"678","social_and_community","\bcommunity groups\b","community groups"
"679","social_and_community","\bcommunity impact\b","community impact"
"680","social_and_community","\bcommunity minded\b","community minded"
"681","social_and_community","\bcommunity mission\b","community mission"
"682","social_and_community","\bcommunity outreach\b","community outreach"
"683","social_and_community","\bcommunity policies\b","community policies"
"684","social_and_community","\bcommunity policy\b","community policy"
"685","social_and_community","\bcommunity project\b","community project"
"686","social_and_community","\bcommunity projects\b","community projects"
"687","social_and_community","\bconcern\b","concern"
"688","social_and_community","\bconflict mineral\b","conflict mineral"
"689","social_and_community","\bconflict minerals\b","conflict minerals"
"690","social_and_community","\bcontribution\b","contribution"
"691","social_and_community","\bcorporate foundation\b","corporate foundation"
"692","social_and_community","\bcountries\b","countries"
"693","social_and_community","\bcountry\b","country"
"694","social_and_community","\bcounty\b","county"
"695","social_and_community","\bcsr\b","csr"
"696","social_and_community","\bcultural preservation\b","cultural preservation"
"697","social_and_community","\bcultures\b","cultures"
"698","social_and_community","\bcustodian\b","custodian"
"699","social_and_community","\bdelegation\b","delegation"
"700","social_and_community","\bdemographic\b","demographic"
"701","social_and_community","\bdevelopment\b","development"
"702","social_and_community","\bdiet\b","diet"
"703","social_and_community","\bdisability\b","disability"
"704","social_and_community","\bdisable\b","disable"
"705","social_and_community","\bdisabled\b","disabled"
"706","social_and_community","\bdisclosure\b","disclosure"
"707","social_and_community","\bdisclosures\b","disclosures"
"708","social_and_community","\bdiverse\b","diverse"
"709","social_and_community","\bdiversification\b","diversification"
"710","social_and_community","\bdiversified\b","diversified"
"711","social_and_community","\bdiversify\b","diversify"
"712","social_and_community","\bdiversifying\b","diversifying"
"713","social_and_community","\bdiversity\b","diversity"
"714","social_and_community","\bdrinking\b","drinking"
"715","social_and_community","\beducate\b","educate"
"716","social_and_community","\beducating\b","educating"
"717","social_and_community","\beducation\b","education"
"718","social_and_community","\beducational\b","educational"
"719","social_and_community","\belected\b","elected"
"720","social_and_community","\belection\b","election"
"721","social_and_community","\bemploy\b","employ"
"722","social_and_community","\bemployed\b","employed"
"723","social_and_community","\bemploying\b","employing"
"724","social_and_community","\bemployment\b","employment"
"725","social_and_community","\bemploys\b","employs"
"726","social_and_community","\bempower\b","empower"
"727","social_and_community","\bempowered\b","empowered"
"728","social_and_community","\bempowering\b","empowering"
"729","social_and_community","\bempowerment\b","empowerment"
"730","social_and_community","\bempowers\b","empowers"
"731","social_and_community","\benabling\b","enabling"
"732","social_and_community","\bengage\b","engage"
"733","social_and_community","\bengaging\b","engaging"
"734","social_and_community","\bequal\b","equal"
"735","social_and_community","\bethic\b","ethic"
"736","social_and_community","\bethically\b","ethically"
"737","social_and_community","\bfairness\b","fairness"
"738","social_and_community","\bfamilies\b","families"
"739","social_and_community","\bfamily\b","family"
"740","social_and_community","\bfemale\b","female"
"741","social_and_community","\bfood pantries\b","food pantries"
"742","social_and_community","\bfood pantry\b","food pantry"
"743","social_and_community","\bfoodbank\b","foodbank"
"744","social_and_community","\bfoodbanks\b","foodbanks"
"745","social_and_community","\bfreedom\b","freedom"
"746","social_and_community","\bfund\b","fund"
"747","social_and_community","\bfundraising\b","fundraising"
"748","social_and_community","\bfunds\b","funds"
"749","social_and_community","\bfuture\b","future"
"750","social_and_community","\bfuture generation\b","future generation"
"751","social_and_community","\bfuture generations\b","future generations"
"752","social_and_community","\bgiving\b","giving"
"753","social_and_community","\bgovernment\b","government"
"754","social_and_community","\bgovernments\b","governments"
"755","social_and_community","\bgroups of stakeholders\b","groups of stakeholders"
"756","social_and_community","\bhabitat\b","habitat"
"757","social_and_community","\bhealthcare\b","healthcare"
"758","social_and_community","\bhealthcaring\b","healthcaring"
"759","social_and_community","\bhelp\b","help"
"760","social_and_community","\bhope\b","hope"
"761","social_and_community","\bhuman\b","human"
"762","social_and_community","\bhuman being\b","human being"
"763","social_and_community","\bhumanitarian\b","humanitarian"
"764","social_and_community","\bhumans\b","humans"
"765","social_and_community","\bhungry\b","hungry"
"766","social_and_community","\bimpact on community\b","impact on community"
"767","social_and_community","\bimpact on local communities\b","impact on local communities"
"768","social_and_community","\bimpact on local community\b","impact on local community"
"769","social_and_community","\bimpact on society\b","impact on society"
"770","social_and_community","\bimprove\b","improve"
"771","social_and_community","\bimprovements\b","improvements"
"772","social_and_community","\bindigenous\b","indigenous"
"773","social_and_community","\bindigenous people\b","indigenous people"
"774","social_and_community","\bindigenous peoples\b","indigenous peoples"
"775","social_and_community","\binnovation\b","innovation"
"776","social_and_community","\bintelligence\b","intelligence"
"777","social_and_community","\binvolve\b","involve"
"778","social_and_community","\binvolved\b","involved"
"779","social_and_community","\binvolvement\b","involvement"
"780","social_and_community","\bjeopardize\b","jeopardize"
"781","social_and_community","\bjeopardized\b","jeopardized"
"782","social_and_community","\bjeopardizes\b","jeopardizes"
"783","social_and_community","\bjeopardizing\b","jeopardizing"
"784","social_and_community","\bjob creation\b","job creation"
"785","social_and_community","\blabor\b","labor"
"786","social_and_community","\blawfulness\b","lawfulness"
"787","social_and_community","\blaws\b","laws"
"788","social_and_community","\blead\b","lead"
"789","social_and_community","\bleadership\b","leadership"
"790","social_and_community","\blearned\b","learned"
"791","social_and_community","\blearning\b","learning"
"792","social_and_community","\blegal\b","legal"
"793","social_and_community","\bless fortunate\b","less fortunate"
"794","social_and_community","\blife benefits\b","life benefits"
"795","social_and_community","\blifestyles\b","lifestyles"
"796","social_and_community","\blives\b","lives"
"797","social_and_community","\bliving\b","living"
"798","social_and_community","\blocal community\b","local community"
"799","social_and_community","\blocal development\b","local development"
"800","social_and_community","\blocal developments\b","local developments"
"801","social_and_community","\blocale\b","locale"
"802","social_and_community","\bmeaningful\b","meaningful"
"803","social_and_community","\bmedicaid\b","medicaid"
"804","social_and_community","\bmedicare\b","medicare"
"805","social_and_community","\bmedicinal\b","medicinal"
"806","social_and_community","\bminimize\b","minimize"
"807","social_and_community","\bminority\b","minority"
"808","social_and_community","\bmission\b","mission"
"809","social_and_community","\bmoral\b","moral"
"810","social_and_community","\bmortality\b","mortality"
"811","social_and_community","\bmultinational\b","multinational"
"812","social_and_community","\bnative\b","native"
"813","social_and_community","\bnative people\b","native people"
"814","social_and_community","\bnative peoples\b","native peoples"
"815","social_and_community","\bnatural\b","natural"
"816","social_and_community","\bnaturally\b","naturally"
"817","social_and_community","\bnature\b","nature"
"818","social_and_community","\bnot for profit\b","not for profit"
"819","social_and_community","\bopen\b","open"
"820","social_and_community","\boppressive regimes\b","oppressive regimes"
"821","social_and_community","\borganization's involvement\b","organization's involvement"
"822","social_and_community","\borganizational involvement\b","organizational involvement"
"823","social_and_community","\borphan\b","orphan"
"824","social_and_community","\borphans\b","orphans"
"825","social_and_community","\boutperform\b","outperform"
"826","social_and_community","\boutsource\b","outsource"
"827","social_and_community","\boutsources\b","outsources"
"828","social_and_community","\boutsourcing\b","outsourcing"
"829","social_and_community","\bownership\b","ownership"
"830","social_and_community","\bowns\b","owns"
"831","social_and_community","\bparticipant\b","participant"
"832","social_and_community","\bparticipants\b","participants"
"833","social_and_community","\bparticipating\b","participating"
"834","social_and_community","\bparties\b","parties"
"835","social_and_community","\bpartner\b","partner"
"836","social_and_community","\bpartners\b","partners"
"837","social_and_community","\bpartnerships\b","partnerships"
"838","social_and_community","\bparty\b","party"
"839","social_and_community","\bpeople\b","people"
"840","social_and_community","\bpeople group\b","people group"
"841","social_and_community","\bpeople groups\b","people groups"
"842","social_and_community","\bperformance\b","performance"
"843","social_and_community","\bperformers\b","performers"
"844","social_and_community","\bperson\b","person"
"845","social_and_community","\bpersonal\b","personal"
"846","social_and_community","\bpersons\b","persons"
"847","social_and_community","\bphilanthropic\b","philanthropic"
"848","social_and_community","\bphilanthropies\b","philanthropies"
"849","social_and_community","\bphilanthropy\b","philanthropy"
"850","social_and_community","\bphilosophies\b","philosophies"
"851","social_and_community","\bplan\b","plan"
"852","social_and_community","\bplurality\b","plurality"
"853","social_and_community","\bpoor\b","poor"
"854","social_and_community","\bpoor individual\b","poor individual"
"855","social_and_community","\bpoor individuals\b","poor individuals"
"856","social_and_community","\bpoor people\b","poor people"
"857","social_and_community","\bprejudiced\b","prejudiced"
"858","social_and_community","\bprejudices\b","prejudices"
"859","social_and_community","\bpreservation\b","preservation"
"860","social_and_community","\bpreserve culture\b","preserve culture"
"861","social_and_community","\bprevented\b","prevented"
"862","social_and_community","\bprinciples\b","principles"
"863","social_and_community","\bprivileges\b","privileges"
"864","social_and_community","\bprofit sharing\b","profit sharing"
"865","social_and_community","\bprojects\b","projects"
"866","social_and_community","\bprotected\b","protected"
"867","social_and_community","\bprotections\b","protections"
"868","social_and_community","\bpublicly\b","publicly"
"869","social_and_community","\brace\b","race"
"870","social_and_community","\brape\b","rape"
"871","social_and_community","\brebuilding\b","rebuilding"
"872","social_and_community","\brecognition\b","recognition"
"873","social_and_community","\brecognize\b","recognize"
"874","social_and_community","\brecognized\b","recognized"
"875","social_and_community","\brecovery\b","recovery"
"876","social_and_community","\bredeemable\b","redeemable"
"877","social_and_community","\breduce\b","reduce"
"878","social_and_community","\breduces\b","reduces"
"879","social_and_community","\bregulate\b","regulate"
"880","social_and_community","\bregulations\b","regulations"
"881","social_and_community","\bregulatory\b","regulatory"
"882","social_and_community","\brelations\b","relations"
"883","social_and_community","\brelationship\b","relationship"
"884","social_and_community","\brelationships\b","relationships"
"885","social_and_community","\breliability\b","reliability"
"886","social_and_community","\breligious\b","religious"
"887","social_and_community","\brely\b","rely"
"888","social_and_community","\brenew\b","renew"
"889","social_and_community","\brenovation\b","renovation"
"890","social_and_community","\brespect\b","respect"
"891","social_and_community","\brespects\b","respects"
"892","social_and_community","\bresponsibility\b","responsibility"
"893","social_and_community","\bresponsible\b","responsible"
"894","social_and_community","\brole\b","role"
"895","social_and_community","\bsafe\b","safe"
"896","social_and_community","\bsafety\b","safety"
"897","social_and_community","\bscholarships\b","scholarships"
"898","social_and_community","\bservice\b","service"
"899","social_and_community","\bservices\b","services"
"900","social_and_community","\bshared norms\b","shared norms"
"901","social_and_community","\bsick\b","sick"
"902","social_and_community","\bsocial\b","social"
"903","social_and_community","\bsocial activities\b","social activities"
"904","social_and_community","\bsocial inclination\b","social inclination"
"905","social_and_community","\bsocial issue\b","social issue"
"906","social_and_community","\bsocial issues\b","social issues"
"907","social_and_community","\bsocial policies\b","social policies"
"908","social_and_community","\bsocial policy\b","social policy"
"909","social_and_community","\bsocially\b","socially"
"910","social_and_community","\bsocially inclined\b","socially inclined"
"911","social_and_community","\bsocially minded\b","socially minded"
"912","social_and_community","\bsocietal\b","societal"
"913","social_and_community","\bsocietal development\b","societal development"
"914","social_and_community","\bsocietal developments\b","societal developments"
"915","social_and_community","\bsocietal impact\b","societal impact"
"916","social_and_community","\bsponsors'\b","sponsors'"
"917","social_and_community","\bsponsorship\b","sponsorship"
"918","social_and_community","\bstakeholders\b","stakeholders"
"919","social_and_community","\bsustain\b","sustain"
"920","social_and_community","\bsustainability\b","sustainability"
"921","social_and_community","\bsustainable\b","sustainable"
"922","social_and_community","\bsustained\b","sustained"
"923","social_and_community","\bsustaining\b","sustaining"
"924","social_and_community","\bsustains\b","sustains"
"925","social_and_community","\bsweat shops\b","sweat shops"
"926","social_and_community","\btalented\b","talented"
"927","social_and_community","\bteam\b","team"
"928","social_and_community","\bteams\b","teams"
"929","social_and_community","\btrained\b","trained"
"930","social_and_community","\btransparency\b","transparency"
"931","social_and_community","\btransparent\b","transparent"
"932","social_and_community","\btrust\b","trust"
"933","social_and_community","\btrustees\b","trustees"
"934","social_and_community","\btruthfulness\b","truthfulness"
"935","social_and_community","\bunconditional\b","unconditional"
"936","social_and_community","\bunemployable\b","unemployable"
"937","social_and_community","\bunethical\b","unethical"
"938","social_and_community","\bunfair\b","unfair"
"939","social_and_community","\bunfriendly\b","unfriendly"
"940","social_and_community","\bunionized\b","unionized"
"941","social_and_community","\bunions\b","unions"
"942","social_and_community","\bunited\b","united"
"943","social_and_community","\bunrestricted\b","unrestricted"
"944","social_and_community","\bunsafe\b","unsafe"
"945","social_and_community","\buprooting\b","uprooting"
"946","social_and_community","\burban\b","urban"
"947","social_and_community","\burban planning\b","urban planning"
"948","social_and_community","\burbanization\b","urbanization"
"949","social_and_community","\bvoluntarily\b","voluntarily"
"950","social_and_community","\bvoluntary\b","voluntary"
"951","social_and_community","\bvolunteer\b","volunteer"
"952","social_and_community","\bvolunteerism\b","volunteerism"
"953","social_and_community","\bvolunteers\b","volunteers"
"954","social_and_community","\bvote\b","vote"
"955","social_and_community","\bvoting\b","voting"
"956","social_and_community","\bvulnerability\b","vulnerability"
"957","social_and_community","\bvulnerable\b","vulnerable"
"958","social_and_community","\bwater\b","water"
"959","social_and_community","\bwaters\b","waters"
"960","social_and_community","\bwell being\b","well being"
"961","social_and_community","\bwell beings\b","well beings"
"962","social_and_community","\bwellness\b","wellness"
"963","social_and_community","\bwomen\b","women"
"964","social_and_community","\bwork\b","work"
"965","social_and_community","\bworld\b","world"
"966","social_and_community","\bwrongdoers\b","wrongdoers"
"967","social_and_community","\bwrongdoing\b","wrongdoing"
"968","social_and_community","\bwrongfully\b","wrongfully"
"969","social_and_community","\bzone\b","zone"
"970","social_and_community","\bzones\b","zones"
"971","environment","\babuse\b","abuse"
"972","environment","\baccept\b","accept"
"973","environment","\baccepted\b","accepted"
"974","environment","\baccommodating\b","accommodating"
"975","environment","\baccommodation\b","accommodation"
"976","environment","\baccountability\b","accountability"
"977","environment","\bacid rain\b","acid rain"
"978","environment","\bacid rains\b","acid rains"
"979","environment","\bactivities\b","activities"
"980","environment","\badopt\b","adopt"
"981","environment","\badopted\b","adopted"
"982","environment","\badverse\b","adverse"
"983","environment","\badversely\b","adversely"
"984","environment","\baffluence\b","affluence"
"985","environment","\baffluences\b","affluences"
"986","environment","\bagreements\b","agreements"
"987","environment","\bagricultural\b","agricultural"
"988","environment","\bagriculture\b","agriculture"
"989","environment","\bagro\b","agro"
"990","environment","\baids\b","aids"
"991","environment","\bair filtration\b","air filtration"
"992","environment","\balternative energy\b","alternative energy"
"993","environment","\bamazon\b","amazon"
"994","environment","\bamazon rain forest\b","amazon rain forest"
"995","environment","\bancient ruins\b","ancient ruins"
"996","environment","\banimal\b","animal"
"997","environment","\banti\b","anti"
"998","environment","\barms\b","arms"
"999","environment","\bassurance\b","assurance"
"1000","environment","\battention\b","attention"
"1001","environment","\battributable\b","attributable"
"1002","environment","\baudit\b","audit"
"1003","environment","\bauditor\b","auditor"
"1004","environment","\bauditors\b","auditors"
"1005","environment","\bauthenticate\b","authenticate"
"1006","environment","\bauthenticity\b","authenticity"
"1007","environment","\bawareness\b","awareness"
"1008","environment","\bbalancing\b","balancing"
"1009","environment","\bbarge\b","barge"
"1010","environment","\bbaselines\b","baselines"
"1011","environment","\bbasin\b","basin"
"1012","environment","\bbeautiful\b","beautiful"
"1013","environment","\bbeauty\b","beauty"
"1014","environment","\bbeneficially\b","beneficially"
"1015","environment","\bbeneficiary\b","beneficiary"
"1016","environment","\bbenefit\b","benefit"
"1017","environment","\bbenefits\b","benefits"
"1018","environment","\bbio diversities\b","bio diversities"
"1019","environment","\bbiodiversity\b","biodiversity"
"1020","environment","\bboard\b","board"
"1021","environment","\bbody\b","body"
"1022","environment","\bboundaries\b","boundaries"
"1023","environment","\bbribe\b","bribe"
"1024","environment","\bbroad\b","broad"
"1025","environment","\bbromides\b","bromides"
"1026","environment","\bbromine\b","bromine"
"1027","environment","\bbromines\b","bromines"
"1028","environment","\bbuilding\b","building"
"1029","environment","\bbull\b","bull"
"1030","environment","\bburn\b","burn"
"1031","environment","\bbylaws\b","bylaws"
"1032","environment","\bcage\b","cage"
"1033","environment","\bcaged animal\b","caged animal"
"1034","environment","\bcaged animals\b","caged animals"
"1035","environment","\bcarbon\b","carbon"
"1036","environment","\bcarbon dioxide\b","carbon dioxide"
"1037","environment","\bcarbon dioxides\b","carbon dioxides"
"1038","environment","\bcarbon disclosure\b","carbon disclosure"
"1039","environment","\bcarbon disclosures\b","carbon disclosures"
"1040","environment","\bcarbon emission\b","carbon emission"
"1041","environment","\bcarbon emissions\b","carbon emissions"
"1042","environment","\bcarbonate\b","carbonate"
"1043","environment","\bcarbonated\b","carbonated"
"1044","environment","\bcarbonates\b","carbonates"
"1045","environment","\bcarbons\b","carbons"
"1046","environment","\bcarrying capacities\b","carrying capacities"
"1047","environment","\bcarrying capacity\b","carrying capacity"
"1048","environment","\bcarrying load\b","carrying load"
"1049","environment","\bcarrying loads\b","carrying loads"
"1050","environment","\bcatastrophic\b","catastrophic"
"1051","environment","\bchemicals\b","chemicals"
"1052","environment","\bchloride\b","chloride"
"1053","environment","\bchlorine\b","chlorine"
"1054","environment","\bcity\b","city"
"1055","environment","\bcivil\b","civil"
"1056","environment","\bclean energies\b","clean energies"
"1057","environment","\bclean energy\b","clean energy"
"1058","environment","\bclimate\b","climate"
"1059","environment","\bclimate change\b","climate change"
"1060","environment","\bclimate changes\b","climate changes"
"1061","environment","\bclimate event\b","climate event"
"1062","environment","\bco2\b","co2"
"1063","environment","\bcode\b","code"
"1064","environment","\bcollective well being\b","collective well being"
"1065","environment","\bconflict mineral\b","conflict mineral"
"1066","environment","\bconflict minerals\b","conflict minerals"
"1067","environment","\bconservation\b","conservation"
"1068","environment","\bconservationist\b","conservationist"
"1069","environment","\bconservationists\b","conservationists"
"1070","environment","\bconservations\b","conservations"
"1071","environment","\bconserve\b","conserve"
"1072","environment","\bcorn\b","corn"
"1073","environment","\bcorporate\b","corporate"
"1074","environment","\bcounties\b","counties"
"1075","environment","\bcountries\b","countries"
"1076","environment","\bcountry\b","country"
"1077","environment","\bcovenants\b","covenants"
"1078","environment","\bcrops\b","crops"
"1079","environment","\bcrud\b","crud"
"1080","environment","\bcultivation\b","cultivation"
"1081","environment","\bcustodian\b","custodian"
"1082","environment","\bcustoms\b","customs"
"1083","environment","\bcycle\b","cycle"
"1084","environment","\bdelegation\b","delegation"
"1085","environment","\bdemographic\b","demographic"
"1086","environment","\bdepleted\b","depleted"
"1087","environment","\bdepletes\b","depletes"
"1088","environment","\bdepleting\b","depleting"
"1089","environment","\bdepletion\b","depletion"
"1090","environment","\bdepletions\b","depletions"
"1091","environment","\bdesign\b","design"
"1092","environment","\bdioxide\b","dioxide"
"1093","environment","\bdioxides\b","dioxides"
"1094","environment","\bdisclosing\b","disclosing"
"1095","environment","\bdisclosure\b","disclosure"
"1096","environment","\bdisposal\b","disposal"
"1097","environment","\bdiverse\b","diverse"
"1098","environment","\bdiversification\b","diversification"
"1099","environment","\bdiversified\b","diversified"
"1100","environment","\bdiversify\b","diversify"
"1101","environment","\bdiversifying\b","diversifying"
"1102","environment","\bdouble bottom line\b","double bottom line"
"1103","environment","\bdwindling\b","dwindling"
"1104","environment","\beasements\b","easements"
"1105","environment","\beco system\b","eco system"
"1106","environment","\beco systems\b","eco systems"
"1107","environment","\becological\b","ecological"
"1108","environment","\beducate\b","educate"
"1109","environment","\beducating\b","educating"
"1110","environment","\beducation\b","education"
"1111","environment","\beducational\b","educational"
"1112","environment","\befficiencies\b","efficiencies"
"1113","environment","\befficiently\b","efficiently"
"1114","environment","\bemission\b","emission"
"1115","environment","\bemissions\b","emissions"
"1116","environment","\bemploy\b","employ"
"1117","environment","\benergy efficiencies\b","energy efficiencies"
"1118","environment","\benergy efficiency\b","energy efficiency"
"1119","environment","\benergy efficient\b","energy efficient"
"1120","environment","\benergy star\b","energy star"
"1121","environment","\benhancements\b","enhancements"
"1122","environment","\benhancing\b","enhancing"
"1123","environment","\benvironment\b","environment"
"1124","environment","\benvironmental\b","environmental"
"1125","environment","\benvironmental activism\b","environmental activism"
"1126","environment","\benvironmental activist\b","environmental activist"
"1127","environment","\benvironmental activists\b","environmental activists"
"1128","environment","\benvironmental activities\b","environmental activities"
"1129","environment","\benvironmental activity\b","environmental activity"
"1130","environment","\benvironmental disclosure\b","environmental disclosure"
"1131","environment","\benvironmental disclosures\b","environmental disclosures"
"1132","environment","\benvironmental impact\b","environmental impact"
"1133","environment","\benvironmental inclination\b","environmental inclination"
"1134","environment","\benvironmental management systems (ems)\b","environmental management systems (ems)"
"1135","environment","\benvironmental performance\b","environmental performance"
"1136","environment","\benvironmental policies\b","environmental policies"
"1137","environment","\benvironmental policy\b","environmental policy"
"1138","environment","\benvironmental position\b","environmental position"
"1139","environment","\benvironmental positions\b","environmental positions"
"1140","environment","\benvironmental protection agency\b","environmental protection agency"
"1141","environment","\benvironmental reform\b","environmental reform"
"1142","environment","\benvironmental reformation\b","environmental reformation"
"1143","environment","\benvironmental resource\b","environmental resource"
"1144","environment","\benvironmental resources\b","environmental resources"
"1145","environment","\benvironmental responsibilities\b","environmental responsibilities"
"1146","environment","\benvironmental responsibility\b","environmental responsibility"
"1147","environment","\benvironmental safety\b","environmental safety"
"1148","environment","\benvironmental stance\b","environmental stance"
"1149","environment","\benvironmental stewardship\b","environmental stewardship"
"1150","environment","\benvironmentalist\b","environmentalist"
"1151","environment","\benvironmentalists\b","environmentalists"
"1152","environment","\benvironmentally\b","environmentally"
"1153","environment","\benvironmentally friendly\b","environmentally friendly"
"1154","environment","\benvironmentally inclined\b","environmentally inclined"
"1155","environment","\benvironmentally safe\b","environmentally safe"
"1156","environment","\bepa\b","epa"
"1157","environment","\bepa standards\b","epa standards"
"1158","environment","\bequip\b","equip"
"1159","environment","\besg\b","esg"
"1160","environment","\bethic\b","ethic"
"1161","environment","\bethically\b","ethically"
"1162","environment","\bevolution\b","evolution"
"1163","environment","\bexceed capacity\b","exceed capacity"
"1164","environment","\bexceeded capacity\b","exceeded capacity"
"1165","environment","\bexceeds capacity\b","exceeds capacity"
"1166","environment","\bexcess capacities\b","excess capacities"
"1167","environment","\bexcess capacity\b","excess capacity"
"1168","environment","\bexit\b","exit"
"1169","environment","\bexpand\b","expand"
"1170","environment","\bfacility\b","facility"
"1171","environment","\bfair\b","fair"
"1172","environment","\bfairness\b","fairness"
"1173","environment","\bfarm\b","farm"
"1174","environment","\bfarm fresh\b","farm fresh"
"1175","environment","\bfarmer\b","farmer"
"1176","environment","\bfarmland\b","farmland"
"1177","environment","\bfarmlands\b","farmlands"
"1178","environment","\bflammability\b","flammability"
"1179","environment","\bflies\b","flies"
"1180","environment","\bfoodservice\b","foodservice"
"1181","environment","\bfossil\b","fossil"
"1182","environment","\bfossils\b","fossils"
"1183","environment","\bfree\b","free"
"1184","environment","\bfree range\b","free range"
"1185","environment","\bfree range animal\b","free range animal"
"1186","environment","\bfree range animals\b","free range animals"
"1187","environment","\bfreedom\b","freedom"
"1188","environment","\bfundraising\b","fundraising"
"1189","environment","\bfunds\b","funds"
"1190","environment","\bgenetically modified\b","genetically modified"
"1191","environment","\bglobal warming\b","global warming"
"1192","environment","\bgold\b","gold"
"1193","environment","\bgood profit\b","good profit"
"1194","environment","\bgreen building\b","green building"
"1195","environment","\bgreen buildings\b","green buildings"
"1196","environment","\bgreen engineering\b","green engineering"
"1197","environment","\bgri\b","gri"
"1198","environment","\bgri frameworks\b","gri frameworks"
"1199","environment","\bgri ratings\b","gri ratings"
"1200","environment","\bgri standards\b","gri standards"
"1201","environment","\bgroundwater\b","groundwater"
"1202","environment","\bgroves\b","groves"
"1203","environment","\bgrow\b","grow"
"1204","environment","\bguidelines\b","guidelines"
"1205","environment","\bharm\b","harm"
"1206","environment","\bharmony\b","harmony"
"1207","environment","\bharness wind energy\b","harness wind energy"
"1208","environment","\bharness wind power\b","harness wind power"
"1209","environment","\bhazardous\b","hazardous"
"1210","environment","\bhazardous waste\b","hazardous waste"
"1211","environment","\bhcfc\b","hcfc"
"1212","environment","\bhistoric sites\b","historic sites"
"1213","environment","\bhumanitarian\b","humanitarian"
"1214","environment","\bhumans\b","humans"
"1215","environment","\bhungry\b","hungry"
"1216","environment","\bhybrid\b","hybrid"
"1217","environment","\bhybrid car\b","hybrid car"
"1218","environment","\bhybrid energy\b","hybrid energy"
"1219","environment","\bhybrid vehicle\b","hybrid vehicle"
"1220","environment","\bhybrid vehicles\b","hybrid vehicles"
"1221","environment","\bhydro power\b","hydro power"
"1222","environment","\bhydro powered\b","hydro powered"
"1223","environment","\bhydrogen power\b","hydrogen power"
"1224","environment","\bhydrogen powered\b","hydrogen powered"
"1225","environment","\biirc\b","iirc"
"1226","environment","\bimpairments\b","impairments"
"1227","environment","\bimplementing\b","implementing"
"1228","environment","\bimprove\b","improve"
"1229","environment","\bimprovements\b","improvements"
"1230","environment","\bincentives\b","incentives"
"1231","environment","\bindemnification\b","indemnification"
"1232","environment","\bindependent\b","independent"
"1233","environment","\bindications\b","indications"
"1234","environment","\binfringe\b","infringe"
"1235","environment","\binfringement\b","infringement"
"1236","environment","\binfringing\b","infringing"
"1237","environment","\binnovation\b","innovation"
"1238","environment","\biso\b","iso"
"1239","environment","\bkld\b","kld"
"1240","environment","\bkld categories\b","kld categories"
"1241","environment","\bkld standards\b","kld standards"
"1242","environment","\bland conservation\b","land conservation"
"1243","environment","\bland conservationism\b","land conservationism"
"1244","environment","\bland conservationist\b","land conservationist"
"1245","environment","\bland conservationists\b","land conservationists"
"1246","environment","\blifestyle of health and sustainability\b","lifestyle of health and sustainability"
"1247","environment","\blives\b","lives"
"1248","environment","\bliving\b","living"
"1249","environment","\blocale\b","locale"
"1250","environment","\bmaintenance\b","maintenance"
"1251","environment","\bmaps\b","maps"
"1252","environment","\bmaterial stewardship\b","material stewardship"
"1253","environment","\bmaterials\b","materials"
"1254","environment","\bmaximum capacities\b","maximum capacities"
"1255","environment","\bmaximum capacity\b","maximum capacity"
"1256","environment","\bmeaningful\b","meaningful"
"1257","environment","\bmembers\b","members"
"1258","environment","\bmigration\b","migration"
"1259","environment","\bmsci\b","msci"
"1260","environment","\bnatural\b","natural"
"1261","environment","\bnatural resource\b","natural resource"
"1262","environment","\bnatural resources\b","natural resources"
"1263","environment","\bnature\b","nature"
"1264","environment","\bnuclear\b","nuclear"
"1265","environment","\borganic\b","organic"
"1266","environment","\bovercapacity\b","overcapacity"
"1267","environment","\boxidation\b","oxidation"
"1268","environment","\bozone\b","ozone"
"1269","environment","\bozone depleting\b","ozone depleting"
"1270","environment","\bozone depletion\b","ozone depletion"
"1271","environment","\bozone depletions\b","ozone depletions"
"1272","environment","\bpetroleum\b","petroleum"
"1273","environment","\bpipelines\b","pipelines"
"1274","environment","\bplant\b","plant"
"1275","environment","\bpollutant\b","pollutant"
"1276","environment","\bpollutants\b","pollutants"
"1277","environment","\bpolluting\b","polluting"
"1278","environment","\bpollution\b","pollution"
"1279","environment","\bpollution prevention\b","pollution prevention"
"1280","environment","\bpower\b","power"
"1281","environment","\bpractices\b","practices"
"1282","environment","\bpreservation\b","preservation"
"1283","environment","\bpreserve\b","preserve"
"1284","environment","\bpreserve way of life\b","preserve way of life"
"1285","environment","\bpreserves\b","preserves"
"1286","environment","\bprevention\b","prevention"
"1287","environment","\bpro environmental\b","pro environmental"
"1288","environment","\bpurification\b","purification"
"1289","environment","\bquality\b","quality"
"1290","environment","\brainforest\b","rainforest"
"1291","environment","\breasonable\b","reasonable"
"1292","environment","\brebuilding\b","rebuilding"
"1293","environment","\brecoverable\b","recoverable"
"1294","environment","\breduce\b","reduce"
"1295","environment","\breduces\b","reduces"
"1296","environment","\bregulate\b","regulate"
"1297","environment","\brenew\b","renew"
"1298","environment","\brenewable\b","renewable"
"1299","environment","\brenewable energies\b","renewable energies"
"1300","environment","\brenewable energy\b","renewable energy"
"1301","environment","\brenewal\b","renewal"
"1302","environment","\brenewals\b","renewals"
"1303","environment","\brenewed\b","renewed"
"1304","environment","\brenewing\b","renewing"
"1305","environment","\brequirements\b","requirements"
"1306","environment","\bresearch\b","research"
"1307","environment","\bresearchers\b","researchers"
"1308","environment","\breserve\b","reserve"
"1309","environment","\breserves\b","reserves"
"1310","environment","\breservoir\b","reservoir"
"1311","environment","\bresource conservation\b","resource conservation"
"1312","environment","\bresource conservationism\b","resource conservationism"
"1313","environment","\bresource conservationist\b","resource conservationist"
"1314","environment","\bresource conservationists\b","resource conservationists"
"1315","environment","\brespects\b","respects"
"1316","environment","\bresponsibility\b","responsibility"
"1317","environment","\bresponsible\b","responsible"
"1318","environment","\breusable\b","reusable"
"1319","environment","\breuse\b","reuse"
"1320","environment","\breuses\b","reuses"
"1321","environment","\bright\b","right"
"1322","environment","\briver\b","river"
"1323","environment","\broyalties\b","royalties"
"1324","environment","\bsafe\b","safe"
"1325","environment","\bsafety\b","safety"
"1326","environment","\bsaltwater\b","saltwater"
"1327","environment","\bscience\b","science"
"1328","environment","\bscientifically\b","scientifically"
"1329","environment","\bscientists\b","scientists"
"1330","environment","\bseasonal\b","seasonal"
"1331","environment","\bseasonally\b","seasonally"
"1332","environment","\bseed\b","seed"
"1333","environment","\bselection\b","selection"
"1334","environment","\bsensitivity\b","sensitivity"
"1335","environment","\bshipyards\b","shipyards"
"1336","environment","\bshore\b","shore"
"1337","environment","\bshrinking\b","shrinking"
"1338","environment","\bsite\b","site"
"1339","environment","\bsmart growth\b","smart growth"
"1340","environment","\bsolar\b","solar"
"1341","environment","\bsolubility\b","solubility"
"1342","environment","\bsolvents\b","solvents"
"1343","environment","\bsourcing\b","sourcing"
"1344","environment","\bstakeholders\b","stakeholders"
"1345","environment","\bstewardship\b","stewardship"
"1346","environment","\bsuitability\b","suitability"
"1347","environment","\bsuitable\b","suitable"
"1348","environment","\bsulfur\b","sulfur"
"1349","environment","\bsurveys\b","surveys"
"1350","environment","\bsustain\b","sustain"
"1351","environment","\bsustainable\b","sustainable"
"1352","environment","\bsustainable consumption\b","sustainable consumption"
"1353","environment","\bsymbiotic\b","symbiotic"
"1354","environment","\bsymbiotic relationship\b","symbiotic relationship"
"1355","environment","\bsymbiotic relationships\b","symbiotic relationships"
"1356","environment","\btarget\b","target"
"1357","environment","\btechnologies\b","technologies"
"1358","environment","\btemperature rise\b","temperature rise"
"1359","environment","\bterrorist\b","terrorist"
"1360","environment","\bthreat\b","threat"
"1361","environment","\btornadoes\b","tornadoes"
"1362","environment","\btradeoffs\b","tradeoffs"
"1363","environment","\btransparency\b","transparency"
"1364","environment","\btransparent\b","transparent"
"1365","environment","\btree\b","tree"
"1366","environment","\btriple bottom line\b","triple bottom line"
"1367","environment","\btruthfulness\b","truthfulness"
"1368","environment","\bturbine\b","turbine"
"1369","environment","\bunavoidable\b","unavoidable"
"1370","environment","\bunbiased\b","unbiased"
"1371","environment","\bunderutilization\b","underutilization"
"1372","environment","\bunderutilized\b","underutilized"
"1373","environment","\buneconomic\b","uneconomic"
"1374","environment","\buneconomical\b","uneconomical"
"1375","environment","\buneconomically\b","uneconomically"
"1376","environment","\bunethical\b","unethical"
"1377","environment","\bunfair\b","unfair"
"1378","environment","\bunproductive\b","unproductive"
"1379","environment","\bunprofitably\b","unprofitably"
"1380","environment","\bunrestricted\b","unrestricted"
"1381","environment","\bunsafe\b","unsafe"
"1382","environment","\bunusable\b","unusable"
"1383","environment","\buprooting\b","uprooting"
"1384","environment","\burbanization\b","urbanization"
"1385","environment","\bvegetables\b","vegetables"
"1386","environment","\bvolcanic\b","volcanic"
"1387","environment","\bvoluntarily\b","voluntarily"
"1388","environment","\bvoluntary\b","voluntary"
"1389","environment","\bvoluntary disclosure\b","voluntary disclosure"
"1390","environment","\bvoluntary disclosures\b","voluntary disclosures"
"1391","environment","\bvulnerability\b","vulnerability"
"1392","environment","\bvulnerable\b","vulnerable"
"1393","environment","\bwarm\b","warm"
"1394","environment","\bwaste\b","waste"
"1395","environment","\bwaste reduction\b","waste reduction"
"1396","environment","\bwasteland\b","wasteland"
"1397","environment","\bwater\b","water"
"1398","environment","\bwater desalination\b","water desalination"
"1399","environment","\bwater purification\b","water purification"
"1400","environment","\bwater purifications\b","water purifications"
"1401","environment","\bwave\b","wave"
"1402","environment","\bweather\b","weather"
"1403","environment","\bwetland\b","wetland"
"1404","environment","\bwetlands\b","wetlands"
"1405","environment","\bwilderness\b","wilderness"
"1406","environment","\bwildlife conservation\b","wildlife conservation"
"1407","environment","\bwind\b","wind"
"1408","environment","\bwind energies\b","wind energies"
"1409","environment","\bwind energy\b","wind energy"
"1410","environment","\bwindmill\b","windmill"
"1411","environment","\bwood\b","wood"
"1412","environment","\bworld\b","world"
"1413","environment","\bwrongdoing\b","wrongdoing"
"1414","environment","\bwrongfully\b","wrongfully"
"1415","environment","\byard\b","yard"
"1416","environment","\byields\b","yields"
"1417","environment","\bzone\b","zone"
"1418","environment","\bzones\b","zones"
"1419","environment","\bzoning\b","zoning"
